paper,doi,tracked,score,cited_by_msm_count,cited_by_feeds_count,cited_by_videos_count,cited_by_tweeters_count,cited_by_bluesky_count,cited_by_fbwalls_count,cited_by_rdts_count,cited_by_msdon_count,cited_by_wikipedia_count,cited_by_policies_count,cited_by_patents_count,cited_by_accounts_count,cited_by_posts_count,readers_count,details_url
metaGEM (NAR 2021),10.1093/nar/gkab815,False,,,,,,,,,,,,,,,,
Cheese flavor (Nat Commun 2023),10.1038/s41467-023-41059-2,False,,,,,,,,,,,,,,,,
Plastic degraders (mBio 2021),10.1128/mBio.02155-21,False,,,,,,,,,,,,,,,,
Soil cross-feeding (bioRxiv 2025),10.1101/2025.01.29.635426,False,,,,,,,,,,,,,,,,
OD calibration (Comm Biol 2020),10.1038/s42003-020-01127-5,False,,,,,,,,,,,,,,,,
Drug tolerance (Nat Microbiol 2022),10.1038/s41564-022-01072-5,False,,,,,,,,,,,,,,,,
Enterobacteriaceae (Nat Microbiol 2025),10.1038/s41564-024-01912-6,False,,,,,,,,,,,,,,,,
iGEM fluorescence (PLoS ONE 2021),10.1371/journal.pone.0252263,False,,,,,,,,,,,,,,,,
FROG (bioRxiv 2024),10.1101/2024.09.24.614797,False,,,,,,,,,,,,,,,,
Hansenula GEM (bioRxiv preprint),10.1101/2021.06.18.448943,False,,,,,,,,,,,,,,,,
Hansenula GEM (book chapter),10.1007/978-1-0716-2399-2_16,False,,,,,,,,,,,,,,,,
C. difficile (bioRxiv 2024),10.1101/2024.08.29.610284,False,,,,,,,,,,,,,,,,
